城市名称,9月房价(元/㎡),9月房价同比(%),9月房价环比(%),9月租金(元/月/㎡),9月租金同比(%),9月租金环比(%),10月房价(元/㎡),10月房价同比(%),10月房价环比(%),10月租金(元/月/㎡),10月租金同比(%),10月租金环比(%),11月房价(元/㎡),11月房价同比(%),11月房价环比(%),11月租金(元/月/㎡),11月租金同比(%),11月租金环比(%),12月房价(元/㎡),12月房价同比(%),12月房价环比(%),12月租金(元/月/㎡),12月租金同比(%),12月租金环比(%),Unnamed: 25,Unnamed: 26,Unnamed: 27,Unnamed: 28
阿坝藏族羌族自治州,6719.0,,45.27,13.23,-13.91,-6.97,4891.0,11.78,-27.2,13.23,-27.13,0.0,4554.0,-21.18,-6.9,,0.0,0.0,5190.0,18.18,13.97,,,,,,,
阿克苏地区,3469.0,12.57,-0.41,12.76,5.39,-3.83,3520.0,11.3,1.48,12.78,22.85,0.17,3572.0,11.84,1.48,13.66,29.27,6.88,3555.0,11.75,-0.48,13.63,46.42,-0.19,,,,
阿拉尔市,3365.0,11.24,0.12,16.76,38.16,,3337.0,22.63,-0.83,15.02,0.0,-10.36,2969.0,4.25,-11.04,15.26,46.08,1.59,3093.0,6.11,4.17,14.96,43.96,-1.98,,,,
阿拉善盟,3967.0,13.71,0.37,13.87,17.0,5.48,3787.0,0.47,-4.52,13.82,14.51,-0.3,3582.0,-1.94,-5.41,15.15,19.64,9.62,3885.0,-0.32,8.45,14.48,-19.82,-4.44,,,,
阿勒泰地区,4294.0,17.13,11.08,13.17,-4.82,-0.23,3806.0,5.19,-11.36,9.84,11.66,-25.29,4260.0,11.54,11.93,9.8,0.99,-0.4,4038.0,12.48,-5.21,9.8,,,,,,
安康市,4977.0,17.32,1.19,17.38,11.16,0.21,5065.0,14.63,1.76,17.78,22.97,2.3,5101.0,16.56,0.72,17.53,31.77,-1.42,5229.0,17.68,2.51,17.73,11.64,1.18,,,,
安庆市,8364.0,28.02,1.64,14.77,12.18,2.53,8278.0,28.52,-1.02,15.61,20.84,5.7,8202.0,26.76,-0.92,14.8,17.97,-5.21,7927.0,19.32,-3.36,15.12,16.22,2.17,,,,
安顺市,4997.0,19.67,0.06,17.6,11.63,-2.14,5098.0,19.23,2.01,17.77,15.84,0.97,5077.0,14.62,-0.41,18.23,38.62,2.6,5078.0,11.54,0.04,18.06,5.18,-0.95,,,,
安阳市,5755.0,26.6,-0.61,12.38,7.63,4.82,5905.0,26.07,2.61,12.56,4.86,1.5,5747.0,16.71,-2.67,12.15,5.97,-3.27,5813.0,13.75,1.15,12.42,12.32,2.21,,,,
鞍山市,4633.0,9.96,0.46,13.74,3.07,4.88,4553.0,4.39,-1.72,13.21,-6.81,-3.89,4664.0,8.99,2.43,13.61,-6.8,3.01,4592.0,5.65,-1.54,14.23,3.01,4.59,,,,
巴彦淖尔市,5452.0,13.57,4.03,14.87,20.07,-4.02,5398.0,15.77,-0.99,15.5,29.85,4.23,5293.0,12.32,-1.94,15.28,41.95,-1.45,5478.0,17.97,3.48,15.47,32.05,1.24,,,,
巴中市,4897.0,12.12,2.43,14.26,13.57,8.03,5012.0,14.45,2.34,13.59,14.5,-4.72,5011.0,12.79,-0.02,14.09,22.55,3.67,5042.0,14.29,0.62,13.7,6.57,-2.74,,,,
巴音郭楞蒙古自治州,3418.0,4.0,-1.56,13.89,21.94,3.78,3474.0,5.48,1.65,14.56,37.7,4.85,3507.0,7.37,0.93,14.3,35.69,-1.78,3551.0,8.88,1.25,14.41,36.45,0.75,,,,
白城市,4743.0,9.31,3.02,15.53,13.27,-7.2,4847.0,12.92,2.19,16.16,34.76,4.07,4954.0,10.55,2.21,17.24,48.09,6.63,4769.0,7.15,-3.72,14.85,7.18,-13.84,,,,
白沙黎族自治县,11188.0,0.0,1.11,21.69,,19.51,10685.0,0.0,-4.49,20.37,0.0,-6.1,10990.0,0.0,2.85,17.87,0.0,-12.25,7533.0,9.37,-31.46,16.12,0.37,-9.83,,,,
白山市,3792.0,10.14,2.11,11.93,3.81,-6.66,3816.0,11.68,0.65,11.51,5.06,-3.46,3831.0,10.64,0.37,11.64,8.22,1.08,3808.0,8.68,-0.58,12.4,20.22,6.54,,,,
白银市,5214.0,20.03,2.09,14.55,12.65,-4.64,5212.0,15.9,-0.04,14.38,16.82,-1.19,5262.0,16.73,0.97,14.02,20.95,-2.45,5429.0,22.53,3.16,14.03,13.0,0.04,,,,
百色市,4214.0,11.54,7.49,16.39,31.94,2.03,4246.0,15.87,0.76,17.42,40.82,6.25,4498.0,15.92,5.92,17.14,38.01,-1.58,4158.0,4.73,-7.56,17.52,2.68,2.19,,,,
蚌埠市,7426.0,11.18,2.73,15.36,10.52,2.47,7308.0,10.84,-1.59,15.0,12.25,-2.3,7389.0,9.94,1.11,15.43,14.66,2.87,7305.0,6.26,-1.14,14.93,5.49,-3.28,,,,
包头市,7432.0,16.56,0.17,16.95,11.26,-3.29,7554.0,17.57,1.64,16.38,10.14,-3.34,7433.0,14.74,-1.6,17.37,14.68,6.03,7469.0,16.92,0.48,17.93,11.02,3.18,,,,
宝鸡市,4961.0,17.38,0.78,15.12,17.33,0.74,4881.0,15.63,-1.62,14.37,18.42,-4.98,5033.0,15.68,3.12,14.37,18.83,0.03,5006.0,17.17,-0.53,14.46,10.56,0.63,,,,
保定市,10436.0,-9.99,-3.15,15.07,4.33,-1.77,10383.0,-6.0,-0.51,15.22,8.53,1.05,10804.0,-1.51,4.05,15.06,10.63,-1.11,10567.0,0.07,-2.2,15.09,8.05,0.23,,,,
保山市,8256.0,34.3,8.51,16.46,17.95,1.87,8871.0,48.41,7.44,16.67,21.31,1.28,8526.0,35.88,-3.89,16.18,29.36,-2.97,8636.0,38.24,1.29,16.54,14.91,2.24,,,,
保亭黎族苗族自治县,14147.0,44.27,-19.61,29.69,36.6,26.19,15125.0,22.6,6.92,37.05,29.69,24.8,15695.0,43.94,3.77,34.58,13.59,-6.67,16988.0,46.79,8.23,34.88,13.57,0.88,,,,
北海市,7197.0,33.04,-0.76,17.51,1.89,-2.77,7300.0,32.41,1.43,18.08,7.82,3.3,7108.0,28.17,-2.63,17.95,7.82,-0.77,7013.0,25.51,-1.34,17.62,-1.11,-1.81,,,,
北京市,61921.0,-0.75,-2.4,93.7,18.24,-1.23,62193.0,-3.99,0.44,93.67,19.03,-0.04,62298.0,-4.67,0.17,91.62,16.69,-2.18,63405.0,1.85,1.78,92.2,5.99,0.64,,,,
北屯,,0.0,,,,,,0.0,0.0,,0.0,0.0,,0.0,0.0,,0.0,0.0,,,,,0.0,0.0,,,,
本溪市,4938.0,3.88,-0.07,15.67,17.6,-2.84,4915.0,3.2,-0.47,15.81,27.24,0.92,4926.0,5.32,0.22,15.59,30.39,-1.4,4967.0,4.22,0.84,15.99,13.91,2.61,,,,
毕节地区,4611.0,16.38,-1.03,16.62,-2.11,4.83,4684.0,12.47,1.58,15.72,19.31,-5.41,4681.0,15.84,-0.06,16.81,27.05,6.94,4973.0,18.77,6.23,15.91,10.87,-5.35,,,,
滨州市,8192.0,20.51,3.4,12.07,1.82,3.05,8393.0,22.18,2.45,11.78,10.62,-2.37,8300.0,17.34,-1.1,11.69,1.54,-0.77,8254.0,22.02,-0.56,11.33,5.93,-3.09,,,,
亳州市,6593.0,9.29,1.02,12.83,-0.95,0.33,6731.0,11.36,2.1,12.79,16.57,-0.25,6641.0,9.58,-1.34,12.62,8.17,-1.35,6486.0,5.74,-2.33,12.45,11.2,-1.31,,,,
博尔塔拉蒙古自治州,3479.0,5.49,-1.0,11.45,2.86,-8.54,3620.0,8.51,4.07,12.24,18.92,6.83,3617.0,7.83,-0.1,12.21,20.45,-0.21,3680.0,10.82,1.73,13.58,34.74,11.2,,,,
沧州市,10015.0,-2.57,3.11,14.99,11.19,1.66,10144.0,-3.7,1.29,14.93,18.58,-0.4,10090.0,3.0,-0.53,14.31,-7.28,-4.14,10038.0,10.84,-0.52,14.74,12.77,3.03,,,,
昌吉回族自治州,4769.0,9.82,0.36,12.76,11.79,-1.46,4797.0,9.69,0.58,12.79,12.09,0.29,4683.0,6.06,-2.38,12.72,19.1,-0.54,4923.0,11.67,5.14,13.0,18.79,2.2,,,,
昌江黎族自治县,13258.0,0.0,-1.94,18.34,-20.53,-4.48,13674.0,0.0,3.14,18.99,34.9,3.56,13334.0,0.0,-2.49,26.2,43.28,37.95,13640.0,,2.29,24.43,,-6.74,,,,
常德市,6649.0,16.18,0.69,22.72,28.24,1.43,6537.0,13.15,-1.69,22.97,42.03,1.11,6648.0,11.7,1.7,23.32,42.53,1.54,7028.0,16.77,5.72,22.9,24.96,-1.8,,,,
常州市,14453.0,26.37,-0.48,23.77,20.32,0.03,14292.0,22.64,-1.11,23.91,25.45,0.59,14160.0,19.52,-0.92,24.18,24.76,1.13,14115.0,18.63,-0.32,24.09,34.78,-0.4,,,,
朝阳市,4022.0,-0.57,-0.13,10.86,-2.13,-9.54,3979.0,-0.67,-1.06,11.55,8.08,6.41,4027.0,0.65,1.21,11.28,-10.67,-2.37,4010.0,1.16,-0.43,11.56,7.63,2.5,,,,
潮州市,7847.0,31.69,-3.09,22.32,40.98,11.01,8040.0,33.01,2.47,19.61,33.08,-12.15,7812.0,23.49,-2.84,20.91,33.59,6.62,7596.0,21.99,-2.77,21.5,41.52,2.81,,,,
郴州市,5849.0,31.71,-0.67,21.04,44.2,4.35,6001.0,32.4,2.59,21.37,0.0,1.56,5922.0,28.11,-1.31,21.64,0.0,1.27,6006.0,29.44,1.41,20.81,38.47,-3.83,,,,
成都市,16029.0,21.62,-3.13,33.69,33.67,3.19,15404.0,11.5,-3.9,33.89,32.79,0.6,15602.0,6.99,1.29,33.63,28.61,-0.78,15484.0,6.28,-0.76,33.92,17.49,0.86,,,,
承德市,9384.0,1.85,8.0,16.95,11.16,-1.38,9662.0,3.74,2.96,16.26,7.82,-4.06,9438.0,4.27,-2.32,16.57,7.35,1.92,9234.0,1.83,-2.16,16.64,9.13,0.42,,,,
澄迈县,13806.0,0.0,3.17,26.31,30.68,9.5,13673.0,0.0,-0.96,26.01,14.27,-1.12,13046.0,0.0,-4.59,26.04,7.18,0.11,12682.0,40.03,-2.79,26.35,3.94,1.18,,,,
池州市,8021.0,25.02,0.69,15.25,17.71,5.9,8024.0,19.38,0.03,15.42,26.44,1.14,8074.0,15.57,0.63,14.73,26.02,-4.47,8190.0,15.77,1.44,15.49,26.14,5.12,,,,
赤峰市,8700.0,16.99,-0.27,20.9,20.66,-1.3,8633.0,15.76,-0.77,20.64,27.25,-1.23,8420.0,12.68,-2.47,20.61,30.41,-0.17,8745.0,17.69,3.86,20.88,14.48,1.31,,,,
崇左市,4182.0,29.43,2.39,14.68,28.53,2.74,4270.0,30.98,2.11,13.74,14.24,-6.43,4502.0,40.79,5.43,14.81,41.54,7.85,4435.0,31.46,-1.48,15.37,23.26,3.78,,,,
滁州市,6575.0,6.27,3.7,14.32,13.11,5.63,6410.0,4.3,-2.51,14.54,19.34,1.51,6523.0,2.85,1.77,15.08,23.12,3.68,6635.0,5.47,1.71,14.96,14.59,-0.75,,,,
楚雄彝族自治州,4856.0,13.88,1.53,10.0,-2.07,0.15,5011.0,17.12,3.19,10.06,-7.43,0.55,4925.0,14.67,-1.72,9.86,-7.52,-1.94,5091.0,16.06,3.37,9.71,-2.94,-1.55,,,,
达州市,7473.0,29.17,0.97,17.1,31.35,-6.05,7538.0,27.54,0.86,17.76,42.72,3.85,7567.0,24.15,0.38,18.37,0.0,3.48,7648.0,21.74,1.07,18.65,35.45,1.52,,,,
大理白族自治州,12050.0,30.97,0.13,23.97,34.43,5.36,12332.0,30.51,2.34,24.09,0.0,0.47,12229.0,32.23,-0.83,23.29,0.0,-3.29,12088.0,24.83,-1.16,23.05,24.31,-1.05,,,,
大连市,14993.0,25.31,2.95,35.65,13.54,-1.97,14716.0,23.6,-1.85,35.38,17.3,-0.77,14790.0,22.61,0.5,35.23,20.8,-0.43,14760.0,18.71,-0.2,35.73,8.41,1.41,,,,
大庆市,5260.0,2.96,-1.25,17.45,19.49,2.22,5462.0,7.75,3.83,17.05,12.64,-2.32,5240.0,1.62,-4.07,17.46,4.58,2.43,5391.0,3.64,2.9,17.22,11.13,-1.41,,,,
大同市,5663.0,19.48,1.17,13.81,8.93,0.29,5603.0,17.64,-1.06,12.95,6.17,-6.2,5681.0,16.84,1.39,12.76,-2.56,-1.49,5739.0,14.82,1.02,12.32,-2.74,-3.46,,,,
大兴安岭地区,2609.0,10.68,6.16,12.72,18.14,-1.79,2552.0,18.43,-2.16,13.28,11.14,4.4,2523.0,10.93,-1.14,13.28,43.44,0.0,2670.0,14.73,5.8,13.28,,,,,,
丹东市,5878.0,7.54,4.42,18.16,18.97,0.38,5760.0,8.49,-2.0,18.4,29.74,1.28,5852.0,6.75,1.59,17.83,28.88,-3.1,5859.0,8.38,0.12,18.55,13.76,4.06,,,,
儋州市,10741.0,0.0,10.38,20.23,10.08,,10105.0,0.0,-5.93,20.76,12.07,2.63,9739.0,48.35,-3.61,21.17,17.46,1.96,8979.0,29.11,-7.81,20.37,5.95,-3.78,,,,
德宏傣族景颇族自治州,4827.0,21.58,2.3,17.06,23.31,-0.61,4842.0,16.09,0.31,16.56,25.06,-2.94,5233.0,23.47,8.07,17.29,47.39,4.4,5592.0,33.06,6.87,16.4,8.7,-5.16,,,,
德阳市,6586.0,32.39,1.29,13.45,11.38,1.19,6552.0,28.31,-0.52,13.47,11.69,0.14,6465.0,22.88,-1.33,14.01,14.13,3.95,6328.0,18.41,-2.12,13.55,14.92,-3.28,,,,
德州市,8085.0,21.62,3.39,12.22,9.46,-1.53,8179.0,19.73,1.17,12.34,9.05,0.95,8136.0,19.33,-0.53,12.35,7.27,0.11,8134.0,20.24,-0.02,12.07,4.43,-2.27,,,,
迪庆藏族自治州,4156.0,9.88,2.95,14.12,16.1,11.35,4409.0,17.32,6.08,13.65,5.98,-3.32,3915.0,-3.04,-11.22,12.1,10.37,-11.35,4296.0,13.83,9.74,12.07,0.53,-0.23,,,,
定安县,10540.0,0.0,5.37,20.03,43.23,7.78,11356.0,0.0,7.74,20.82,48.89,3.94,10945.0,49.39,-3.62,21.52,15.92,3.39,10436.0,49.69,-4.65,19.52,,-9.31,,,,
定西市,4890.0,11.02,2.11,12.3,4.22,1.25,5019.0,10.34,2.63,13.1,17.06,6.53,5017.0,7.66,-0.04,12.61,21.04,-3.8,4997.0,8.48,-0.4,13.25,23.7,5.08,,,,
东方市,16142.0,0.0,7.8,35.02,47.67,15.15,15414.0,0.0,-4.51,34.19,26.38,-2.39,14530.0,0.0,-5.73,32.28,10.59,-5.58,14086.0,,-2.99,30.58,-8.83,-5.28,,,,
东莞市,16397.0,8.07,0.69,29.38,19.07,1.77,15747.0,4.82,-3.97,28.81,16.47,-1.95,15468.0,1.28,-1.77,28.35,16.92,-1.61,15546.0,3.62,0.5,28.37,6.22,0.09,,,,
东营市,7823.0,24.45,2.07,12.29,2.12,-1.14,7907.0,25.29,1.07,12.5,5.25,1.69,7878.0,31.64,-0.37,12.39,-3.37,-0.9,7884.0,25.35,0.08,12.64,5.6,1.99,,,,
鄂尔多斯市,5812.0,14.3,2.32,18.33,32.7,-3.2,5861.0,10.72,0.83,16.69,25.2,-8.97,5949.0,12.61,1.51,16.6,26.53,-0.52,6065.0,14.59,1.95,16.95,12.92,2.15,,,,
鄂州市,6937.0,34.87,0.86,16.28,30.58,3.54,6894.0,30.22,-0.62,16.86,43.44,3.54,6621.0,21.02,-3.95,17.32,43.86,2.78,6561.0,7.92,-0.92,16.88,15.73,-2.59,,,,
恩施土家族苗族自治州,6135.0,21.89,-1.97,20.73,31.38,1.42,6444.0,27.26,5.04,19.49,41.97,-5.99,6500.0,25.36,0.86,19.71,40.94,1.13,6613.0,20.67,1.75,20.19,27.96,2.4,,,,
防城港市,6060.0,39.84,-2.67,20.24,,-2.04,6436.0,49.68,6.21,18.72,0.0,-7.5,6485.0,49.79,0.75,18.53,0.0,-1.02,6245.0,41.12,-3.69,18.0,35.64,-2.86,,,,
佛山市,12950.0,-4.03,-0.86,28.51,15.23,0.2,12752.0,-4.87,-1.53,28.41,9.98,-0.35,12798.0,-3.88,0.36,28.52,17.25,0.37,12660.0,-1.84,-1.07,28.04,8.8,-1.68,,,,
福州市,27023.0,2.57,-0.35,36.71,10.73,2.01,27295.0,0.73,1.01,36.73,11.73,0.07,27623.0,2.47,1.2,36.21,10.77,-1.44,26900.0,-2.76,-2.62,36.13,5.78,-0.22,,,,
抚顺市,4650.0,3.68,3.37,14.22,4.2,-0.64,4620.0,4.2,-0.65,14.07,11.59,-1.04,4732.0,7.17,2.43,14.64,16.39,4.05,4632.0,4.84,-2.11,14.66,14.94,0.13,,,,
抚州市,6911.0,14.72,3.68,16.8,28.21,7.51,6996.0,13.06,1.22,17.44,40.51,3.78,6857.0,9.46,-1.98,17.87,0.0,2.46,6726.0,6.45,-1.91,18.73,39.51,4.82,,,,
阜新市,3814.0,3.34,-0.43,13.12,5.2,-1.14,3843.0,3.58,0.77,13.31,7.66,1.47,3757.0,2.16,-2.24,14.09,19.81,5.87,3888.0,4.89,3.47,13.85,9.46,-1.74,,,,
阜阳市,8097.0,-3.65,0.45,16.01,8.53,5.67,8035.0,-6.25,-0.76,16.02,12.38,0.04,8007.0,-6.63,-0.35,15.52,9.77,-3.11,8054.0,-6.69,0.59,15.42,4.89,-0.67,,,,
甘南县,4042.0,10.31,-4.81,,,,4745.0,16.89,17.38,,0.0,0.0,4846.0,6.72,2.13,,0.0,0.0,4754.0,26.28,-1.89,,,,,,,
甘孜藏族自治州,8718.0,37.58,5.5,18.77,22.86,-13.46,8963.0,42.83,2.81,20.94,6.4,11.51,8840.0,42.13,-1.37,20.01,28.89,-4.43,8525.0,23.51,-3.56,24.71,,23.48,,,,
赣州市,8247.0,14.38,1.68,22.41,26.34,-0.42,8301.0,13.76,0.66,23.28,42.93,3.86,8154.0,9.21,-1.77,20.7,22.19,-11.08,7853.0,6.57,-3.68,22.54,26.35,8.89,,,,
固原市,4298.0,9.61,-1.0,14.24,7.76,-1.31,4259.0,5.06,-0.9,13.78,15.43,-3.21,4310.0,7.25,1.2,13.72,23.65,-0.47,4428.0,10.92,2.74,13.48,-7.35,-1.73,,,,
广安市,5929.0,16.33,0.14,13.77,-2.88,-5.94,5960.0,16.7,0.54,14.51,26.43,5.41,6101.0,18.46,2.36,13.81,10.37,-4.86,6027.0,13.88,-1.21,14.16,13.46,2.54,,,,
广元市,6555.0,30.73,-0.37,16.49,21.47,11.2,6555.0,26.8,0.0,14.99,16.85,-9.09,6505.0,28.0,-0.77,16.11,30.08,7.48,6286.0,22.21,-3.36,15.38,5.57,-4.53,,,,
广州市,32703.0,2.48,-2.53,52.08,17.88,-0.99,33037.0,7.78,1.02,52.22,17.66,0.27,32852.0,5.56,-0.56,52.13,18.19,-0.17,33036.0,6.56,0.56,53.77,18.34,3.15,,,,
贵港市,6246.0,32.69,1.71,18.72,21.38,2.63,6246.0,28.85,0.01,18.35,29.54,-1.99,6300.0,27.61,0.86,18.68,33.2,1.8,6273.0,25.73,-0.43,18.15,10.81,-2.83,,,,
贵阳市,10422.0,43.3,2.06,25.75,17.83,-0.72,10419.0,42.31,-0.03,25.4,17.04,-1.38,10175.0,37.86,-2.34,25.7,21.4,1.18,10099.0,33.06,-0.74,25.22,8.11,-1.85,,,,
桂林市,6917.0,12.61,0.13,20.14,16.89,-0.73,6994.0,14.53,1.11,20.58,30.9,2.19,6876.0,13.39,-1.68,20.41,26.99,-0.82,6960.0,11.39,1.23,19.24,4.41,-5.72,,,,
哈尔滨市,10213.0,16.99,1.93,32.56,11.24,-5.4,10428.0,18.71,2.1,31.65,13.68,-2.77,10794.0,23.66,3.51,29.56,7.13,-6.6,10696.0,21.29,-0.91,29.43,-5.23,-0.47,,,,
哈密地区,3481.0,1.62,-3.53,12.94,5.53,1.88,3635.0,5.29,4.4,12.94,12.62,-0.05,3533.0,3.56,-2.79,12.47,14.61,-3.61,3471.0,-2.91,-1.77,11.79,1.19,-5.48,,,,
海北藏族自治州,2925.0,10.85,7.31,14.88,29.21,,3023.0,-3.26,3.36,14.81,6.45,-0.44,2776.0,14.43,-8.16,14.81,-7.27,0.0,2945.0,-6.84,6.09,,,,,,,
海东地区,4505.0,15.63,-3.45,12.19,-6.56,-8.42,4624.0,15.21,2.65,12.66,13.84,3.85,4642.0,18.15,0.39,12.27,4.75,-3.1,4681.0,15.5,0.83,12.49,-12.72,1.82,,,,
海口市,16813.0,38.1,0.84,35.03,14.95,4.56,16051.0,28.03,-4.53,34.91,11.28,-0.35,15901.0,28.58,-0.93,35.31,15.95,1.15,15836.0,23.22,-0.41,35.18,6.46,-0.36,,,,
海南藏族自治州,3786.0,30.55,3.86,,,,3700.0,0.0,-2.28,,0.0,0.0,3695.0,38.23,-0.12,,0.0,0.0,4333.0,,17.26,,,,,,,
海西蒙古族藏族自治州,3572.0,4.94,-8.35,13.67,-3.41,3.59,3157.0,-8.75,-11.62,13.4,7.61,-1.95,3230.0,-6.55,2.31,13.67,11.1,2.01,3006.0,-19.45,-6.93,13.61,11.77,-0.45,,,,
邯郸市,9582.0,24.58,4.5,17.09,7.78,-2.1,9387.0,19.8,-2.04,17.09,9.94,0.03,9329.0,18.94,-0.61,17.15,-1.12,0.36,9478.0,24.74,1.59,17.46,11.47,1.78,,,,
汉中市,4905.0,30.88,1.13,13.02,8.68,0.33,4850.0,25.71,-1.12,13.36,17.61,2.63,4909.0,25.95,1.22,13.63,20.26,2.02,4997.0,23.46,1.8,14.02,33.4,2.88,,,,
杭州市,31154.0,12.73,-2.29,56.37,16.84,0.41,31922.0,10.65,2.47,55.52,15.24,-1.5,31924.0,9.75,0.0,54.31,13.05,-2.19,31049.0,4.28,-2.74,53.13,8.37,-2.16,,,,
合肥市,15385.0,4.98,0.45,26.8,23.15,-2.1,15616.0,6.76,1.5,26.78,23.56,-0.08,15589.0,5.51,-0.17,26.94,21.41,0.58,15437.0,4.76,-0.98,27.09,14.85,0.56,,,,
和田地区,3286.0,15.64,5.51,8.43,-44.87,,3110.0,5.78,-5.37,19.33,39.51,0.0,3407.0,10.87,9.57,17.27,0.0,-10.67,3223.0,-2.49,-5.42,19.62,,13.63,,,,
河池市,4475.0,10.18,3.77,14.51,15.78,5.58,4479.0,11.79,0.11,15.12,29.07,4.18,4465.0,10.87,-0.33,14.51,25.21,-3.98,4487.0,11.04,0.49,14.78,19.65,1.8,,,,
河源市,6722.0,8.4,-0.53,22.49,33.67,6.53,6878.0,9.21,2.33,22.26,43.53,-0.99,6782.0,7.45,-1.39,21.43,45.23,-3.75,6684.0,6.75,-1.45,21.12,9.9,-1.44,,,,
菏泽,6096.0,8.74,2.87,17.11,7.19,0.19,6265.0,9.84,2.77,16.98,13.18,-0.77,6170.0,9.79,-1.51,17.28,15.77,1.78,6207.0,10.98,0.6,17.46,16.72,1.02,,,,
贺州市,6124.0,34.83,2.68,18.08,29.61,-0.07,6214.0,34.61,1.46,18.05,45.26,-0.16,6141.0,22.55,-1.17,17.99,42.03,-0.34,6077.0,24.03,-1.04,17.07,20.8,-5.1,,,,
鹤壁市,6478.0,27.15,1.27,14.1,25.17,2.67,6674.0,19.46,3.02,13.88,19.51,-1.59,6428.0,16.44,-3.68,13.74,24.67,-0.97,6187.0,12.24,-3.75,13.82,36.71,0.53,,,,
鹤岗市,2339.0,8.56,1.32,8.68,-24.92,-9.43,2276.0,4.81,-2.72,8.41,-26.46,-3.16,2290.0,7.65,0.62,8.87,-16.52,5.53,2332.0,5.33,1.84,9.32,-7.3,5.09,,,,
黑河市,3604.0,4.34,1.8,12.17,7.08,-19.29,3660.0,5.52,1.55,11.85,7.61,-2.6,3531.0,2.78,-3.52,13.91,33.04,17.35,3599.0,1.93,1.92,12.18,-0.5,-12.46,,,,
衡水市,8443.0,6.47,2.76,11.33,5.66,3.64,8335.0,3.97,-1.28,11.37,8.44,0.31,8361.0,4.96,0.31,11.16,6.11,-1.87,8368.0,8.57,0.08,11.38,4.82,2.04,,,,
衡阳市,5677.0,27.45,-0.39,19.53,39.37,0.06,5476.0,15.45,-3.55,20.04,0.0,2.63,5494.0,14.41,0.33,20.0,32.32,-0.23,5557.0,12.98,1.14,20.02,31.84,0.14,,,,
红河哈尼族彝族自治州,4576.0,18.16,4.9,14.2,13.6,-0.41,4574.0,18.27,-0.03,15.08,27.17,6.21,4479.0,10.41,-2.09,14.8,24.6,-1.83,4743.0,15.65,5.91,15.04,12.81,1.6,,,,
呼和浩特市,11100.0,45.04,3.53,22.04,12.58,-4.47,11150.0,43.87,0.45,22.0,13.63,-0.18,11103.0,40.64,-0.42,22.83,21.55,3.77,11434.0,38.14,2.99,23.25,10.11,1.83,,,,
呼伦贝尔市,4256.0,6.61,-0.37,16.24,24.38,1.16,4272.0,6.98,0.38,16.36,35.81,0.74,4309.0,6.31,0.87,15.08,34.62,-7.79,4248.0,0.53,-1.42,16.51,28.29,9.5,,,,
葫芦岛市,5171.0,6.15,1.7,15.13,20.61,1.53,5084.0,3.98,-1.68,13.85,17.31,-8.42,5050.0,4.18,-0.67,14.76,29.11,6.56,5102.0,6.04,1.02,14.92,20.09,1.07,,,,
湖州市,12086.0,20.6,0.98,28.36,20.94,-2.04,11910.0,15.71,-1.46,28.51,24.49,0.51,11700.0,9.85,-1.76,28.48,25.86,-0.09,11856.0,11.93,1.33,29.03,14.84,1.93,,,,
怀化市,5545.0,17.87,0.58,18.77,40.58,8.78,5562.0,16.59,0.3,18.75,0.0,-0.1,5519.0,14.05,-0.77,18.95,23.89,1.07,5424.0,11.94,-1.73,19.43,,2.52,,,,
淮安市,9356.0,23.17,6.78,17.27,16.31,2.52,9264.0,20.77,-0.99,17.38,25.95,0.61,8637.0,11.9,-6.77,17.37,17.51,-0.01,9067.0,19.52,4.98,17.25,12.89,-0.71,,,,
淮北市,6358.0,18.03,-0.09,14.01,19.02,3.4,6280.0,14.05,-1.23,14.58,25.01,4.06,6211.0,11.54,-1.11,14.82,28.45,1.62,6494.0,16.91,4.56,13.97,17.68,-5.73,,,,
淮南市,5976.0,11.69,0.37,15.59,16.03,2.81,5883.0,7.83,-1.56,14.87,17.75,-4.59,5929.0,7.82,0.78,14.51,15.57,-2.44,6099.0,11.08,2.88,14.77,17.77,1.76,,,,
黄冈市,5517.0,35.72,1.33,16.07,32.21,0.91,5528.0,30.07,0.2,16.83,41.7,4.68,5681.0,27.21,2.76,16.09,37.62,-4.37,5619.0,30.06,-1.09,15.8,21.92,-1.81,,,,
黄南藏族自治州,3544.0,-1.22,18.45,,,,3422.0,-3.16,-3.45,,0.0,0.0,3525.0,2.74,3.02,,0.0,0.0,3622.0,6.58,2.74,,,,,,,
黄山市,9433.0,20.66,2.06,18.01,34.66,6.04,9197.0,18.14,-2.5,17.76,45.01,-1.4,8965.0,13.85,-2.52,17.07,41.78,-3.92,8916.0,9.92,-0.55,17.54,20.95,2.79,,,,
黄石市,6576.0,18.41,-0.89,18.29,23.06,1.5,6558.0,17.44,-0.27,18.09,29.95,-1.1,6291.0,9.07,-4.08,17.54,29.75,-3.01,6131.0,4.99,-2.54,17.39,16.78,-0.87,,,,
惠州市,10735.0,7.08,-0.27,23.98,11.57,1.8,10613.0,8.3,-1.13,24.24,10.03,1.09,10351.0,6.09,-2.47,24.39,14.35,0.62,10123.0,3.76,-2.2,25.04,9.26,2.65,,,,
鸡西市,3489.0,8.82,0.74,11.86,1.21,0.92,3554.0,8.19,1.87,12.06,11.44,1.7,3570.0,9.8,0.44,12.33,13.61,2.19,3571.0,9.09,0.02,12.51,9.95,1.43,,,,
吉安市,7674.0,18.23,0.63,18.25,20.16,3.56,7684.0,15.86,0.13,18.56,36.07,1.71,7600.0,11.8,-1.09,18.12,36.42,-2.39,7550.0,9.45,-0.66,18.52,19.64,2.23,,,,
吉林市,6306.0,14.32,3.53,20.0,17.28,1.36,6474.0,12.62,2.67,19.98,25.41,-0.07,6150.0,6.82,-5.01,20.46,23.19,2.39,6388.0,13.14,3.87,20.52,12.31,0.31,,,,
济南市,19132.0,6.44,-3.97,28.82,11.87,-0.51,19102.0,6.46,-0.16,28.18,9.87,-2.22,18901.0,2.3,-1.05,28.58,14.68,1.42,18877.0,6.74,-0.13,28.05,7.07,-1.84,,,,
济宁市,7069.0,13.7,-0.28,12.67,6.87,-0.36,7124.0,14.15,0.78,12.98,11.07,2.46,7301.0,15.65,2.48,12.58,4.85,-3.13,7216.0,16.04,-1.16,12.68,8.91,0.82,,,,
济源市,5424.0,23.82,0.96,13.79,12.93,2.48,5717.0,25.46,5.39,13.9,22.96,0.81,5755.0,25.3,0.67,14.07,29.2,1.17,5972.0,29.94,3.77,14.93,22.82,6.15,,,,
佳木斯市,4106.0,4.75,2.47,14.23,13.92,7.06,4125.0,4.84,0.46,13.99,10.09,-1.63,4194.0,8.19,1.67,14.54,23.46,3.89,4212.0,7.71,0.43,13.98,12.88,-3.83,,,,
嘉兴市,12931.0,13.35,-1.83,25.68,14.05,0.25,12792.0,10.31,-1.07,25.87,16.92,0.74,12666.0,7.89,-0.99,25.48,15.25,-1.49,13051.0,7.47,3.04,25.52,10.88,0.16,,,,
嘉峪关市,3839.0,12.98,0.75,14.24,15.97,2.01,3837.0,13.91,-0.06,13.84,11.67,-2.84,3974.0,17.56,3.58,14.0,13.63,1.2,3893.0,15.46,-2.04,13.87,12.92,-0.93,,,,
江门市,8565.0,24.97,0.08,24.31,18.67,0.76,8493.0,20.4,-0.84,25.02,21.12,2.93,8559.0,15.5,0.77,24.83,23.84,-0.78,8461.0,19.38,-1.14,24.9,14.21,0.3,,,,
焦作市,5566.0,13.14,2.17,15.31,14.63,9.14,5580.0,12.49,0.24,15.62,27.02,1.98,5596.0,8.46,0.3,15.24,23.45,-2.42,5547.0,8.48,-0.88,15.52,19.71,1.82,,,,
揭阳市,7142.0,21.88,-1.45,23.29,31.79,5.78,7359.0,23.25,3.04,21.81,32.38,-6.35,7329.0,17.32,-0.4,22.38,37.55,2.62,7094.0,13.27,-3.21,22.66,28.52,1.26,,,,
金昌市,3313.0,9.63,-0.11,12.63,8.55,-6.72,3476.0,8.18,4.91,12.62,11.61,-0.07,3444.0,-2.17,-0.91,12.23,13.98,-3.13,3459.0,0.96,0.43,10.86,-3.38,-11.2,,,,
金华市,16482.0,19.76,-0.34,26.27,18.24,0.4,16439.0,19.16,-0.26,26.81,23.14,2.04,16611.0,17.77,1.05,26.36,23.9,-1.69,16562.0,14.98,-0.29,27.18,9.35,3.13,,,,
锦州市,5521.0,8.42,6.17,15.33,14.71,-3.4,5347.0,6.35,-3.14,14.94,17.31,-2.6,5219.0,3.22,-2.39,15.46,23.96,3.48,5297.0,1.79,1.49,15.76,21.88,1.97,,,,
晋城市,6939.0,14.77,0.16,13.93,12.02,-0.86,7100.0,16.97,2.33,14.18,18.94,1.76,7055.0,14.38,-0.63,14.18,-10.8,-0.01,7160.0,16.2,1.49,14.24,18.95,0.41,,,,
晋中市,6744.0,22.82,4.04,14.47,18.41,-1.15,6889.0,27.3,2.15,13.77,16.6,-4.82,6775.0,22.5,-1.65,14.19,19.52,3.01,6824.0,23.66,0.72,13.74,14.63,-3.14,,,,
荆门市,5316.0,31.54,0.34,15.18,16.28,-4.26,5211.0,24.79,-1.98,15.85,30.04,4.41,5072.0,25.46,-2.67,15.32,29.8,-3.4,5046.0,14.81,-0.5,15.93,21.08,3.99,,,,
荆州市,6537.0,6.41,0.47,19.46,28.75,-1.01,6519.0,4.95,-0.28,19.86,39.94,2.1,6344.0,1.5,-2.68,19.69,26.31,-0.89,6528.0,2.81,2.9,20.26,28.68,2.89,,,,
景德镇市,6555.0,15.76,0.52,17.53,28.82,4.0,6596.0,16.21,0.64,17.6,39.42,0.41,6448.0,11.63,-2.25,17.14,40.72,-2.58,6628.0,12.79,2.8,17.62,36.48,2.78,,,,
九江市,7016.0,12.74,2.52,18.69,17.8,0.43,6830.0,7.67,-2.65,18.42,26.14,-1.47,6930.0,6.53,1.47,18.25,29.58,-0.89,6807.0,4.69,-1.77,18.9,15.21,3.53,,,,
酒泉市,4814.0,-1.16,-0.55,14.84,-0.62,-2.07,4674.0,-3.26,-2.91,14.73,-1.94,-0.77,4864.0,0.61,4.06,14.7,8.28,-0.18,4753.0,-2.42,-2.28,14.82,-1.97,0.77,,,,
喀什地区,4498.0,16.35,0.3,15.72,5.36,-3.98,4648.0,20.67,3.34,15.65,19.85,-0.43,4504.0,12.07,-3.09,15.69,30.31,0.3,4628.0,19.52,2.75,16.55,33.85,5.47,,,,
开封市,7417.0,7.77,3.24,17.18,23.85,3.5,7567.0,10.07,2.02,16.93,28.68,-1.46,7443.0,8.18,-1.65,16.95,28.61,0.14,7356.0,5.61,-1.17,17.31,17.97,2.07,,,,
克拉玛依市,4355.0,5.39,-1.18,23.23,28.69,7.07,4389.0,4.92,0.79,21.37,31.24,-8.04,4349.0,1.2,-0.91,21.85,44.26,2.29,4417.0,4.8,1.56,21.78,31.06,-0.34,,,,
克孜勒苏柯尔克孜自治州,3064.0,3.66,-4.12,11.83,-11.67,,3311.0,11.01,8.05,11.83,-17.58,0.0,3345.0,21.62,1.05,10.27,-5.75,-13.14,3404.0,14.75,1.77,10.27,-24.07,,,,,
昆明市,12442.0,19.5,3.71,27.83,13.87,-0.7,12772.0,24.13,2.65,28.21,20.06,1.34,12764.0,23.94,-0.06,28.1,19.34,-0.37,12629.0,21.0,-1.06,27.73,6.66,-1.32,,,,
拉萨市,10630.0,27.39,-0.43,28.75,10.6,0.77,10811.0,29.79,1.71,28.95,10.61,0.69,10882.0,27.57,0.65,29.32,24.61,1.27,10790.0,29.49,-0.85,28.99,17.09,-1.13,,,,
来宾市,4191.0,29.77,0.26,14.27,29.2,-0.93,4154.0,26.61,-0.87,14.66,32.96,2.77,4370.0,28.39,5.18,14.8,38.1,0.96,4288.0,26.15,-1.87,14.9,16.49,0.66,,,,
莱芜市,6972.0,35.16,1.28,11.62,16.75,-0.82,7155.0,35.11,2.63,11.27,7.11,-3.01,7054.0,33.02,-1.42,11.03,5.18,-2.08,7026.0,30.73,-0.39,11.62,19.93,5.33,,,,
兰州市,11246.0,14.02,2.65,29.06,7.51,-1.04,11296.0,12.91,0.44,29.29,10.44,0.82,11489.0,15.24,1.71,28.39,9.26,-3.08,11601.0,16.82,0.97,29.09,6.24,2.46,,,,
廊坊市,14436.0,-20.63,-1.75,19.59,3.8,-1.87,14129.0,-17.09,-2.12,19.64,5.26,0.22,14168.0,-15.35,0.27,19.24,3.12,-2.01,14455.0,-11.53,2.03,19.31,6.54,0.38,,,,
乐东黎族自治县,15518.0,0.0,2.07,33.23,10.22,-0.56,16189.0,0.0,4.32,37.34,0.0,12.35,14850.0,0.0,-8.27,37.22,15.89,-0.3,15651.0,,5.39,39.64,,6.5,,,,
乐山市,6265.0,45.27,-1.65,17.14,30.61,4.56,6121.0,34.84,-2.29,15.92,22.31,-7.12,5865.0,26.64,-4.2,15.71,27.95,-1.36,5604.0,14.1,-4.45,15.93,22.84,1.4,,,,
丽江市,7710.0,37.48,5.57,19.19,19.55,1.53,8447.0,40.45,9.56,19.59,49.84,2.08,8434.0,39.04,-0.16,20.11,25.36,2.7,8226.0,36.41,-2.46,20.87,21.57,3.74,,,,
丽水市,19229.0,25.31,-2.38,25.81,20.64,-0.05,19525.0,21.74,1.54,26.28,24.43,1.8,19088.0,20.72,-2.24,25.79,29.15,-1.84,19566.0,23.6,2.51,26.71,15.1,3.56,,,,
连云港市,9290.0,12.23,-1.05,18.43,17.68,6.55,9202.0,7.88,-0.95,17.86,19.54,-3.1,9161.0,5.32,-0.44,18.02,25.14,0.94,9527.0,13.25,4.0,18.16,13.26,0.73,,,,
凉山彝族自治州,9248.0,23.02,0.62,23.0,21.85,3.11,9237.0,22.19,-0.12,23.18,29.57,0.77,9473.0,22.97,2.56,22.63,36.67,-2.37,9341.0,19.48,-1.39,22.99,13.07,1.6,,,,
辽阳市,4498.0,2.41,0.55,13.65,14.41,-5.79,4515.0,3.83,0.36,14.34,20.22,5.06,4556.0,4.51,0.92,14.35,-2.01,0.05,4531.0,2.55,-0.56,15.44,32.25,7.62,,,,
辽源市,4051.0,4.75,2.56,13.55,26.25,-0.53,4063.0,5.41,0.28,12.08,10.44,-10.85,4100.0,7.08,0.93,13.52,24.71,11.91,3999.0,7.3,-2.47,13.4,17.89,-0.91,,,,
聊城市,9057.0,25.73,-2.16,15.4,18.32,0.08,8379.0,17.05,-7.49,14.53,15.39,-5.63,8490.0,15.61,1.32,13.34,3.14,-8.22,8443.0,16.51,-0.55,13.83,1.62,3.71,,,,
林芝地区,6673.0,18.3,1.01,19.56,-5.77,-1.84,7138.0,33.25,6.97,17.46,-20.77,-10.74,7312.0,25.28,2.43,18.61,20.42,6.6,7609.0,33.85,4.06,19.53,-1.95,4.93,,,,
临沧市,6476.0,22.21,0.81,17.73,30.02,1.29,6751.0,25.89,4.25,17.09,42.16,-3.61,6730.0,19.29,-0.31,17.38,0.0,1.68,6711.0,18.94,-0.29,17.54,43.43,0.92,,,,
临汾市,4932.0,6.2,1.12,14.19,11.65,-2.8,4908.0,4.69,-0.49,14.27,20.39,0.6,4805.0,1.45,-2.1,14.0,19.09,-1.92,4839.0,1.06,0.7,14.06,11.97,0.47,,,,
临高县,12123.0,0.0,3.13,30.52,48.24,21.17,11852.0,0.0,-2.24,28.56,0.0,-6.44,11526.0,0.0,-2.75,30.04,39.05,5.18,11337.0,43.38,-1.64,30.95,,3.06,,,,
临夏回族自治州,4231.0,10.39,4.26,12.2,6.05,-0.47,4293.0,14.39,1.48,12.21,5.88,0.14,4304.0,10.85,0.26,12.75,15.1,4.4,4455.0,15.34,3.51,12.55,3.13,-1.56,,,,
临沂市,6966.0,20.25,2.68,12.86,-11.57,-2.95,7124.0,22.51,2.27,12.69,-0.26,-1.35,7196.0,20.28,1.01,12.61,0.12,-0.65,7297.0,22.66,1.4,12.73,6.93,1.0,,,,
陵水黎族自治县,34805.0,0.0,2.41,49.78,7.89,1.59,34963.0,48.06,0.46,51.19,-1.0,2.82,34954.0,0.0,-0.03,52.69,-1.53,2.92,32147.0,31.73,-8.03,50.92,-12.86,-3.35,,,,
柳州市,8862.0,13.75,1.82,24.58,18.75,3.01,8885.0,13.25,0.26,24.78,29.35,0.81,8963.0,12.66,0.88,24.2,19.4,-2.33,8895.0,13.05,-0.76,24.22,11.28,0.07,,,,
六安市,7124.0,1.47,-0.23,15.19,6.57,-3.62,7151.0,1.83,0.39,16.2,17.38,6.63,7048.0,2.39,-1.44,16.14,19.56,-0.35,7039.0,2.96,-0.13,15.81,6.33,-2.09,,,,
六盘水市,4686.0,20.87,1.12,18.36,33.08,0.18,4872.0,23.57,3.99,16.62,25.93,-9.49,4841.0,21.39,-0.65,17.53,38.63,5.47,4809.0,19.06,-0.66,18.66,37.89,6.44,,,,
龙岩市,10836.0,11.47,-0.78,27.23,17.55,2.33,10754.0,9.64,-0.76,25.98,24.67,-4.59,10642.0,7.59,-1.04,26.27,26.62,1.11,10639.0,8.24,-0.03,25.86,14.76,-1.56,,,,
陇南市,7164.0,18.52,1.62,12.79,3.63,-5.19,7293.0,18.72,1.8,13.32,-7.06,4.14,7227.0,17.89,-0.9,14.19,20.84,6.57,7296.0,10.57,0.95,14.41,20.13,1.51,,,,
娄底市,4898.0,24.4,2.84,17.09,38.5,1.47,5088.0,27.13,3.88,17.93,0.0,4.94,5050.0,24.16,-0.73,17.31,46.08,-3.45,5117.0,25.6,1.31,17.36,23.24,0.25,,,,
泸州市,6895.0,19.58,0.53,18.25,14.54,-0.5,6828.0,17.86,-0.98,18.48,22.69,1.24,6879.0,16.64,0.76,18.32,11.25,-0.87,6916.0,17.42,0.54,18.28,9.5,-0.21,,,,
洛阳市,9134.0,26.57,4.72,18.86,22.52,1.12,9075.0,25.3,-0.65,19.24,25.79,2.03,8993.0,21.62,-0.9,18.91,22.71,-1.7,8947.0,22.2,-0.51,18.43,13.5,-2.55,,,,
漯河市,5202.0,19.72,1.7,13.02,9.09,3.31,5372.0,23.42,3.26,13.94,24.84,7.02,5475.0,22.48,1.93,13.92,18.74,-0.13,5411.0,21.17,-1.17,14.42,23.85,3.58,,,,
吕梁市,4391.0,13.05,3.19,10.28,-7.41,-10.23,4251.0,14.16,-3.2,11.26,-0.87,9.51,4233.0,15.88,-0.42,12.04,14.67,6.91,4296.0,11.96,1.49,11.7,23.95,-2.76,,,,
马鞍山市,7305.0,20.02,2.22,15.81,13.2,1.13,7138.0,17.1,-2.29,15.7,15.38,-0.65,7100.0,13.67,-0.54,15.41,13.16,-1.85,7026.0,9.53,-1.04,15.57,9.87,1.01,,,,
茂名市,7487.0,6.06,0.77,21.49,24.03,2.46,7380.0,0.15,-1.43,21.85,29.59,1.71,7236.0,-0.25,-1.95,21.93,27.02,0.34,7263.0,-0.67,0.37,22.04,15.46,0.48,,,,
眉山市,7285.0,46.46,-3.27,13.42,14.35,5.96,7047.0,33.95,-3.27,13.13,11.19,-2.18,6911.0,27.92,-1.93,13.27,12.59,1.07,7127.0,31.46,3.13,13.1,20.65,-1.23,,,,
梅州市,7399.0,17.97,0.26,21.57,39.77,6.44,7262.0,10.25,-1.85,20.9,46.82,-3.11,7215.0,4.94,-0.65,21.36,44.74,2.22,7313.0,6.71,1.36,20.7,15.56,-3.11,,,,
绵阳市,8104.0,33.83,5.96,17.08,20.58,12.16,7771.0,26.14,-4.12,15.93,11.89,-6.72,7342.0,12.27,-5.52,15.82,-4.75,-0.69,7671.0,16.05,4.47,15.25,1.04,-3.62,,,,
牡丹江市,5208.0,7.62,0.14,15.33,19.65,-3.46,5278.0,6.94,1.34,14.88,16.88,-2.96,5347.0,8.37,1.31,14.97,17.68,0.61,5451.0,10.3,1.95,15.33,25.25,2.41,,,,
南昌市,11411.0,5.19,0.2,23.19,7.48,-2.44,11635.0,7.06,1.96,23.51,10.93,1.39,11916.0,8.85,2.41,24.0,13.5,2.1,11484.0,5.08,-3.63,24.37,7.64,1.55,,,,
南充市,7817.0,37.27,1.44,14.86,24.55,3.25,7641.0,31.06,-2.26,14.89,25.23,0.23,7463.0,26.81,-2.33,14.63,22.1,-1.74,7484.0,22.19,0.29,15.05,12.6,2.85,,,,
南京市,29691.0,11.55,1.56,45.7,15.81,-0.91,29502.0,8.94,-0.64,45.65,16.32,-0.11,29667.0,8.74,0.56,45.42,11.96,-0.49,29955.0,7.93,0.97,43.74,5.51,-3.72,,,,
南宁市,11255.0,16.31,2.16,29.99,16.54,0.08,11387.0,16.16,1.17,29.8,18.72,-0.65,11382.0,15.22,-0.04,29.63,17.04,-0.58,11274.0,14.13,-0.95,29.34,7.77,-0.96,,,,
南平市,7465.0,9.05,-4.77,17.52,8.45,-1.88,7495.0,9.68,0.41,17.71,16.15,1.12,7639.0,9.46,1.92,17.64,20.17,-0.41,7660.0,9.45,0.27,18.83,15.84,6.72,,,,
南通市,13559.0,13.8,2.55,22.87,15.4,3.01,13721.0,15.64,1.2,22.73,17.47,-0.63,13689.0,15.69,-0.24,22.06,15.41,-2.94,13714.0,13.38,0.18,22.42,6.83,1.62,,,,
南阳市,6584.0,30.02,2.17,15.94,18.61,4.18,6691.0,32.36,1.63,15.45,19.81,-3.04,6697.0,32.27,0.08,14.34,4.22,-7.16,6895.0,35.95,2.96,14.97,11.0,4.35,,,,
内江市,6409.0,30.84,3.52,16.23,12.55,1.69,6223.0,20.85,-2.9,16.95,21.29,4.43,6558.0,24.55,5.38,15.63,13.6,-7.8,6479.0,20.81,-1.2,15.47,4.92,-0.97,,,,
宁波市,18106.0,20.81,0.87,32.46,12.24,-1.28,18466.0,23.71,1.99,32.93,14.85,1.43,17537.0,15.9,-5.03,32.9,13.88,-0.08,18271.0,21.68,4.19,34.01,10.44,3.36,,,,
宁德市,10174.0,16.72,0.48,27.43,37.85,3.51,10127.0,12.2,-0.46,26.92,41.27,-1.88,10092.0,9.86,-0.34,27.58,0.0,2.47,9973.0,10.55,-1.19,27.29,23.79,-1.05,,,,
怒江傈僳族自治州,5319.0,0.0,-7.06,,,,5360.0,24.45,0.76,,0.0,0.0,5237.0,22.42,-2.28,,0.0,0.0,4866.0,13.28,-7.09,,,,,,,
攀枝花市,5682.0,30.32,4.37,20.34,44.01,6.58,5501.0,25.73,-3.18,20.14,36.4,-1.0,5648.0,29.73,2.67,20.51,45.06,1.86,5510.0,23.54,-2.45,20.08,28.84,-2.1,,,,
盘锦市,4012.0,8.61,1.57,15.0,22.51,1.36,3964.0,6.26,-1.2,14.42,25.73,-3.85,3982.0,5.73,0.46,14.7,27.19,1.94,3993.0,4.2,0.27,14.79,16.54,0.62,,,,
平顶山市,5075.0,5.64,1.37,14.01,12.67,-0.89,5029.0,3.74,-0.91,13.97,12.98,-0.32,5006.0,2.19,-0.45,14.16,19.13,1.39,5099.0,6.6,1.85,14.08,18.94,-0.57,,,,
平凉市,5953.0,28.15,4.64,14.47,12.31,-0.15,6043.0,26.95,1.51,14.22,13.99,-1.76,6171.0,28.09,2.11,14.45,12.09,1.62,6153.0,24.84,-0.29,14.46,20.18,0.05,,,,
萍乡市,5099.0,22.55,2.2,18.25,32.91,1.17,5148.0,19.65,0.96,18.68,0.0,2.34,5046.0,17.81,-1.97,17.39,39.32,-6.9,5110.0,19.99,1.27,17.82,25.39,2.48,,,,
莆田市,12527.0,0.51,-0.36,26.56,19.84,-0.76,13002.0,-0.54,3.79,26.9,29.87,1.29,12238.0,-6.76,-5.87,26.51,31.44,-1.48,13013.0,-2.21,6.33,26.91,15.46,1.52,,,,
濮阳市,6620.0,16.83,1.79,14.88,12.23,-1.2,6627.0,16.01,0.1,15.01,17.96,0.86,6639.0,14.27,0.19,14.83,14.66,-1.24,6717.0,17.3,1.18,15.51,17.33,4.63,,,,
普洱,7564.0,44.97,-0.07,17.51,21.27,-0.7,7616.0,41.02,0.68,17.64,37.0,0.74,7595.0,34.24,-0.28,17.42,38.8,-1.23,7610.0,31.42,0.19,17.49,9.46,0.37,,,,
七台河市,3185.0,2.85,1.22,10.99,0.13,-0.28,3097.0,-0.96,-2.78,11.48,13.44,4.4,3296.0,1.23,6.43,12.5,39.36,8.88,3391.0,5.15,2.88,12.26,19.75,-1.89,,,,
齐齐哈尔市,5324.0,3.22,-0.95,16.64,19.27,-4.34,5461.0,5.24,2.57,17.03,25.67,2.33,5273.0,3.06,-3.44,16.62,23.97,-2.38,5278.0,2.01,0.1,16.59,24.23,-0.17,,,,
潜江市,5144.0,31.79,-0.09,17.01,40.17,-2.29,5037.0,30.93,-2.07,16.57,0.0,-2.57,5228.0,35.76,3.78,14.52,31.38,-12.36,5375.0,25.82,2.81,17.04,45.54,17.29,,,,
黔东南苗族侗族自治州,5155.0,21.21,-0.75,18.06,6.81,-6.6,5375.0,23.19,4.28,18.84,15.33,4.33,5374.0,20.06,-0.02,19.1,28.64,1.41,5202.0,20.09,-3.21,18.73,-0.15,-1.94,,,,
黔南布依族苗族自治州,4388.0,9.24,-0.25,18.32,11.28,8.13,4372.0,8.4,-0.35,17.59,16.13,-3.97,4349.0,7.17,-0.53,17.99,22.36,2.27,4568.0,12.58,5.02,17.55,5.23,-2.47,,,,
黔西南布依族苗族自治州,4260.0,23.7,2.95,14.0,19.27,0.75,4213.0,20.4,-1.09,14.57,19.16,4.1,4157.0,14.24,-1.34,14.77,13.08,1.36,4239.0,16.52,1.97,14.88,17.58,0.74,,,,
钦州市,4331.0,19.9,2.26,14.75,17.47,-0.85,4463.0,21.37,3.05,15.11,27.72,2.43,4502.0,20.86,0.86,15.34,29.91,1.55,4506.0,22.22,0.09,15.15,17.28,-1.25,,,,
秦皇岛市,9441.0,19.36,2.5,18.22,19.53,4.36,9631.0,22.24,2.02,17.17,9.51,-5.74,9731.0,19.9,1.04,17.38,5.1,1.22,10090.0,28.88,3.68,17.21,7.33,-1.01,,,,
青岛市,23306.0,29.62,1.09,30.76,12.96,0.36,22683.0,24.61,-2.26,29.88,12.52,-2.86,22478.0,20.1,-0.9,29.7,16.09,-0.6,22220.0,16.53,-1.15,29.71,2.48,0.02,,,,
清远市,7756.0,12.53,1.92,20.14,19.95,2.45,7883.0,17.78,1.63,19.82,22.87,-1.61,7973.0,12.06,1.15,20.2,25.02,1.94,7899.0,10.19,-0.93,20.2,14.86,0.01,,,,
庆阳市,7038.0,19.77,2.56,19.18,10.33,-0.22,7068.0,20.14,0.43,19.16,9.47,-0.09,7047.0,19.31,-0.3,18.64,11.8,-2.74,7026.0,18.63,-0.3,18.23,6.92,-2.2,,,,
琼海市,11953.0,32.96,0.32,22.53,4.1,1.18,13579.0,47.89,13.6,25.63,11.99,13.75,12885.0,47.1,-5.12,23.98,21.77,-6.44,13272.0,42.51,3.01,22.47,-14.02,-6.29,,,,
琼中黎族苗族自治县,8464.0,43.99,15.54,20.7,9.05,-21.97,7386.0,13.15,-12.74,18.09,43.8,-12.58,7845.0,27.65,6.22,18.96,33.31,4.8,7737.0,31.46,-1.38,18.09,32.87,-4.58,,,,
衢州市,13219.0,21.97,2.3,21.03,22.36,3.09,13168.0,18.17,-0.38,21.0,32.1,-0.14,13369.0,19.15,1.53,21.24,33.66,1.11,13216.0,16.56,-1.14,21.35,19.18,0.55,,,,
曲靖市,4431.0,13.03,3.68,12.12,7.38,2.29,4534.0,13.37,2.35,12.35,10.57,1.88,4613.0,14.78,1.74,12.21,-6.83,-1.11,4814.0,19.73,4.34,12.01,10.44,-1.7,,,,
泉州市,11995.0,14.02,-0.16,25.85,7.04,1.83,12154.0,11.58,1.33,25.86,13.62,0.04,12260.0,16.97,0.87,25.59,14.42,-1.03,12090.0,7.23,-1.39,25.91,4.12,1.26,,,,
日喀则地区,5707.0,-25.84,-31.28,32.23,29.54,27.52,7781.0,0.34,36.34,28.39,13.85,-11.9,8873.0,-1.59,14.03,28.52,44.21,0.45,9452.0,41.84,6.53,23.51,4.29,-17.58,,,,
日照市,8633.0,26.05,3.62,14.58,6.91,-4.24,8984.0,31.03,4.07,14.97,13.73,2.71,8755.0,25.52,-2.55,14.15,7.21,-5.51,9067.0,30.76,3.57,14.58,6.25,3.06,,,,
三门峡市,4253.0,1.87,1.23,13.88,8.96,2.92,4385.0,1.96,3.11,13.05,8.04,-6.01,4425.0,2.55,0.9,12.9,9.28,-1.13,4651.0,12.59,5.11,12.87,-1.98,-0.26,,,,
三明市,8535.0,11.52,5.1,23.77,24.1,3.79,8711.0,14.97,2.06,24.62,31.24,3.59,8541.0,9.67,-1.95,24.07,24.88,-2.25,8667.0,13.54,1.47,24.24,20.98,0.71,,,,
三亚市,43265.0,47.26,16.53,48.67,3.99,4.24,44456.0,44.85,2.75,49.74,-1.55,2.21,44227.0,40.92,-0.51,49.23,-5.86,-1.02,44496.0,30.88,0.61,47.86,-12.71,-2.79,,,,
厦门市,43235.0,-8.39,-0.96,43.49,11.23,0.45,43809.0,-6.39,1.33,44.16,14.49,0.85,43216.0,-6.0,-1.35,43.62,13.77,-1.23,42813.0,-7.94,-0.93,43.89,8.11,0.63,,,,
山南地区,6481.0,-5.25,-9.62,,,,8031.0,-1.51,23.92,,0.0,0.0,7894.0,33.79,-1.71,,0.0,0.0,7136.0,13.49,-9.6,,,,,,,
汕头市,9589.0,14.9,1.1,29.88,18.4,2.39,9655.0,16.13,0.69,29.41,15.01,-1.58,9767.0,16.79,1.16,29.59,19.63,0.64,9736.0,10.62,-0.32,29.28,13.28,-1.06,,,,
汕尾市,7803.0,15.99,-0.35,19.16,32.41,5.1,8151.0,15.77,4.46,19.55,44.48,2.09,7886.0,16.49,-3.25,19.46,0.0,-0.48,7615.0,11.96,-3.44,19.74,42.44,1.45,,,,
商洛市,4120.0,32.36,4.94,12.38,11.01,-2.4,4411.0,32.56,7.06,12.99,16.65,4.96,4218.0,32.09,-4.39,12.94,21.22,-0.39,4259.0,30.01,0.98,13.35,18.4,3.12,,,,
商丘市,5330.0,8.67,-0.1,16.32,24.73,6.09,5297.0,8.04,-0.61,16.44,27.84,0.74,5388.0,8.27,1.71,16.08,24.87,-2.21,5337.0,5.33,-0.95,15.45,11.56,-3.9,,,,
上海市,52120.0,-1.41,-3.21,76.72,20.86,1.82,51471.0,-1.96,-1.25,76.39,19.21,-0.42,51619.0,-2.23,0.29,77.52,18.53,1.47,52087.0,0.37,0.91,75.69,14.75,-2.36,,,,
上饶市,7676.0,23.02,-0.29,19.64,26.34,6.21,7583.0,16.99,-1.21,18.83,27.54,-4.12,7578.0,14.18,-0.07,18.85,18.71,0.11,7747.0,17.64,2.24,19.93,16.6,5.73,,,,
韶关市,6044.0,16.98,6.0,19.54,31.83,9.26,6061.0,15.51,0.27,20.12,46.0,2.95,5880.0,9.55,-2.97,19.01,38.39,-5.52,5861.0,9.26,-0.33,18.84,21.38,-0.86,,,,
邵阳市,4791.0,18.21,3.39,15.72,27.56,4.67,4808.0,15.43,0.36,16.02,37.63,1.92,4807.0,14.1,-0.01,15.81,32.02,-1.33,4787.0,15.17,-0.43,15.6,14.54,-1.32,,,,
绍兴市,13106.0,26.35,3.15,23.84,11.69,-0.81,12819.0,22.18,-2.19,23.84,11.71,0.0,13142.0,23.99,2.52,23.71,11.31,-0.56,12992.0,19.39,-1.14,24.02,9.65,1.32,,,,
深圳市,58260.0,9.38,-0.54,79.38,23.86,-0.71,55780.0,4.87,-4.26,79.38,25.31,0.0,57664.0,10.08,3.38,81.52,26.48,2.69,60305.0,15.7,4.58,81.32,17.92,-0.24,,,,
神农架林区,9172.0,34.66,-10.57,,,,9754.0,0.0,6.35,,0.0,0.0,8630.0,0.0,-11.53,,0.0,0.0,6931.0,29.66,-19.68,,,,,,,
沈阳市,10108.0,24.84,1.1,24.23,11.68,-2.01,10237.0,25.96,1.27,24.31,15.28,0.31,10218.0,24.7,-0.18,25.12,19.31,3.33,10258.0,19.88,0.39,25.46,8.54,1.36,,,,
十堰市,5681.0,10.21,2.37,13.87,0.95,-0.32,5741.0,13.18,1.06,13.17,4.8,-5.04,5712.0,10.49,-0.5,13.66,9.31,3.71,5721.0,9.34,0.16,13.93,19.15,2.0,,,,
石河子市,5308.0,1.81,-0.43,15.53,7.23,-0.47,5295.0,1.47,-0.24,15.38,15.07,-0.92,5291.0,0.69,-0.07,15.67,17.09,1.88,5274.0,-0.43,-0.32,15.68,2.12,0.03,,,,
石家庄市,15579.0,-7.89,0.23,20.59,9.62,-1.98,15445.0,-5.25,-0.86,20.56,11.4,-0.16,15294.0,-6.72,-0.98,20.68,11.75,0.58,15155.0,-4.43,-0.91,20.65,7.23,-0.16,,,,
石嘴山市,2846.0,1.7,2.23,8.7,3.76,-2.19,2826.0,0.74,-0.69,8.48,0.27,-2.56,2885.0,4.31,2.1,8.39,-6.07,-1.06,2868.0,5.49,-0.6,8.31,1.28,-1.02,,,,
双鸭山市,2637.0,2.25,-4.88,9.56,-7.6,-1.99,2673.0,2.95,1.36,10.11,-0.17,5.78,2787.0,6.5,4.26,9.68,3.99,-4.24,2658.0,2.35,-4.63,8.86,-12.78,-8.48,,,,
朔州市,3517.0,4.46,2.68,9.61,-3.7,-1.86,3521.0,6.39,0.1,9.46,-12.62,-1.5,3506.0,4.12,-0.42,9.03,-15.31,-4.58,3480.0,3.57,-0.75,9.77,-12.69,8.2,,,,
四平市,4479.0,7.55,2.07,13.93,6.4,-3.23,4502.0,7.42,0.52,14.22,20.11,2.09,4545.0,8.32,0.95,14.19,16.81,-0.24,4602.0,11.13,1.25,14.26,7.96,0.52,,,,
松原市,4403.0,4.86,-0.02,13.68,9.74,-4.97,4431.0,5.66,0.61,14.57,20.18,6.51,4524.0,5.65,2.1,13.9,15.64,-4.65,4468.0,3.71,-1.22,14.81,14.37,6.58,,,,
苏州市,20545.0,16.25,5.32,32.04,21.47,0.71,20172.0,15.34,-1.82,30.44,17.52,-5.0,20473.0,16.24,1.5,30.51,18.75,0.2,20941.0,20.58,2.28,30.46,17.18,-0.16,,,,
绥化市,3783.0,8.42,1.0,16.83,41.85,3.19,3739.0,9.1,-1.17,17.3,0.0,2.76,3712.0,6.04,-0.71,14.17,25.0,-18.06,3846.0,8.88,3.6,13.73,47.46,-3.14,,,,
随州市,5414.0,26.62,0.66,15.4,9.82,-0.44,5431.0,29.29,0.32,16.4,30.73,6.52,5355.0,22.46,-1.4,16.63,35.34,1.39,5203.0,13.59,-2.85,16.07,13.71,-3.35,,,,
遂宁市,7467.0,21.46,0.8,14.77,24.7,5.85,7419.0,20.24,-0.64,15.08,29.32,2.11,7127.0,11.04,-3.92,15.04,26.0,-0.27,6919.0,5.69,-2.93,14.61,19.11,-2.88,,,,
塔城地区,3563.0,5.23,4.54,11.51,5.34,11.88,3579.0,2.47,0.46,12.33,44.16,7.08,3432.0,5.32,-4.12,10.44,18.54,-15.31,3429.0,3.44,-0.08,11.47,4.4,9.86,,,,
台州市,14089.0,19.45,-1.39,29.54,29.36,0.66,13871.0,15.03,-1.55,30.04,42.46,1.68,13651.0,6.23,-1.59,29.63,30.75,-1.35,13976.0,8.3,2.38,28.63,13.8,-3.39,,,,
太原市,12234.0,31.26,1.01,24.73,8.58,-1.66,12227.0,28.47,-0.05,24.23,6.03,-2.02,12172.0,27.11,-0.45,23.64,4.67,-2.42,12009.0,23.45,-1.34,23.41,-0.77,-0.96,,,,
泰安市,8859.0,19.89,1.78,12.75,6.68,-1.08,8342.0,15.23,-5.83,12.11,2.24,-4.95,8303.0,15.48,-0.47,11.91,-1.85,-1.66,8043.0,11.63,-3.13,11.82,5.63,-0.75,,,,
泰州市,10793.0,23.97,1.13,20.84,11.64,3.25,10603.0,17.63,-1.76,20.24,12.58,-2.89,10394.0,15.99,-1.97,20.12,22.7,-0.62,10672.0,16.27,2.67,19.9,3.83,-1.07,,,,
唐山市,10101.0,21.15,0.95,18.31,15.66,0.72,10043.0,20.4,-0.57,17.61,12.51,-3.78,10015.0,19.03,-0.28,16.97,8.2,-3.66,10208.0,20.12,1.92,16.77,4.48,-1.15,,,,
天津市,24972.0,-4.66,-0.53,36.39,25.24,2.9,25148.0,-3.0,0.71,36.25,26.2,-0.39,25612.0,0.74,1.84,38.02,32.99,4.9,25064.0,0.87,-2.14,40.82,35.12,7.34,,,,
天门市,5088.0,35.36,3.26,14.97,23.86,2.84,5131.0,37.58,0.84,15.5,28.64,3.53,5148.0,37.16,0.34,15.98,36.49,3.08,5395.0,27.93,4.81,15.8,21.97,-1.11,,,,
天水市,7971.0,10.61,0.6,21.76,11.75,-0.69,8045.0,11.65,0.94,21.82,14.13,0.29,8115.0,11.37,0.86,21.18,23.27,-2.92,8238.0,17.67,1.52,21.46,17.49,1.33,,,,
铁岭市,3811.0,1.2,1.37,11.79,0.22,-10.22,3823.0,1.98,0.3,11.51,3.64,-2.37,3793.0,2.74,-0.76,11.79,4.62,2.44,3742.0,1.42,-1.35,12.52,4.25,6.22,,,,
通化市,5057.0,18.05,1.52,14.97,17.51,0.45,5061.0,18.04,0.07,14.56,22.22,-2.74,5143.0,21.11,1.63,14.63,-0.55,0.55,5171.0,18.96,0.55,15.29,26.24,4.45,,,,
通辽市,5669.0,10.58,0.97,17.58,17.8,-2.67,5645.0,10.17,-0.43,17.54,28.13,-0.21,5666.0,10.86,0.39,17.74,38.14,1.13,5742.0,12.45,1.34,17.61,26.22,-0.73,,,,
铜川市,4386.0,37.1,8.63,11.59,4.32,-2.15,4277.0,34.52,-2.48,12.27,13.14,5.9,4066.0,31.05,-4.94,11.77,10.67,-4.13,4192.0,28.52,3.1,12.33,22.68,4.75,,,,
铜陵市,8023.0,20.01,-0.12,17.14,25.51,-0.9,7992.0,18.55,-0.39,16.67,35.08,-2.75,7693.0,13.13,-3.74,18.06,45.59,8.34,7889.0,13.12,2.55,16.95,18.4,-6.15,,,,
铜仁地区,4616.0,15.61,3.6,19.42,23.74,1.41,4679.0,15.01,1.37,18.75,21.88,-3.47,4638.0,15.34,-0.87,18.07,25.14,-3.64,4761.0,15.25,2.66,18.64,15.61,3.18,,,,
图木舒克市,2214.0,16.76,5.34,,,,1695.0,-6.82,-23.47,,0.0,0.0,1641.0,-10.1,-3.17,,0.0,0.0,1759.0,-6.21,7.18,,,,,,,
吐鲁番地区,3152.0,2.47,-1.95,14.3,-5.93,-5.9,3078.0,6.03,-2.36,14.16,4.63,-0.95,3185.0,11.07,3.47,13.85,20.53,-2.22,3315.0,15.89,4.11,13.89,32.62,0.32,,,,
屯昌县,9591.0,0.0,1.32,19.54,21.91,11.59,10008.0,0.0,4.35,20.42,0.0,4.5,9689.0,0.0,-3.18,13.04,-0.78,-36.15,9085.0,,-6.24,17.35,11.96,33.08,,,,
万宁市,22806.0,0.0,3.03,37.41,,0.26,23608.0,0.0,3.52,37.78,35.65,0.99,22195.0,0.0,-5.98,36.89,14.68,-2.35,21630.0,,-2.55,37.52,10.13,1.7,,,,
威海市,9443.0,27.18,1.98,21.4,26.76,-0.95,9299.0,22.06,-1.52,21.01,27.23,-1.82,9428.0,21.51,1.39,20.28,24.77,-3.5,9333.0,29.57,-1.02,20.66,15.47,1.86,,,,
潍坊市,7297.0,24.9,0.83,13.19,3.26,-1.68,7293.0,21.81,-0.06,13.56,-3.48,2.84,7341.0,20.51,0.66,13.97,4.28,3.01,7345.0,20.06,0.06,13.83,12.72,-1.04,,,,
渭南市,4660.0,29.82,1.88,14.23,16.88,-2.64,4803.0,28.37,3.06,14.65,24.44,2.95,4823.0,27.79,0.43,14.6,26.63,-0.29,4906.0,33.14,1.72,14.77,23.36,1.14,,,,
温州市,20597.0,11.15,-1.16,34.71,25.29,-5.21,20336.0,14.31,-1.27,35.22,25.98,1.49,20589.0,11.91,1.24,36.24,27.62,2.89,20563.0,7.58,-0.13,35.43,6.59,-2.24,,,,
文昌市,13630.0,42.7,1.74,26.43,28.65,7.25,13471.0,42.95,-1.16,28.76,0.46,8.83,13779.0,44.89,2.29,27.93,-13.6,-2.91,13597.0,43.65,-1.32,31.5,-15.36,12.79,,,,
文山壮族苗族自治州,4972.0,17.85,4.44,12.73,-2.07,-3.17,4902.0,13.55,-1.42,12.82,11.68,0.75,5185.0,22.81,5.77,12.83,15.74,0.02,4966.0,16.0,-4.21,12.29,6.95,-4.15,,,,
乌海市,4544.0,7.87,2.07,12.66,-6.04,-16.46,4682.0,11.76,3.03,15.44,38.39,22.02,4660.0,9.2,-0.48,12.38,9.77,-19.81,4672.0,12.6,0.27,13.99,,12.95,,,,
乌兰察布市,4318.0,10.88,5.95,13.83,12.3,3.97,4340.0,12.6,0.52,13.62,42.59,-1.56,4436.0,11.89,2.2,13.39,44.74,-1.68,4470.0,17.34,0.78,13.31,,-0.56,,,,
乌鲁木齐市,8606.0,23.55,-1.35,25.76,19.23,-0.03,8529.0,20.72,-0.89,25.12,16.89,-2.48,8364.0,16.92,-1.93,25.29,14.81,0.68,8311.0,14.63,-0.63,25.67,12.75,1.5,,,,
无锡市,13937.0,13.52,-1.63,24.26,10.6,-0.72,13989.0,13.4,0.37,24.22,12.36,-0.17,13897.0,11.95,-0.66,24.75,15.75,2.17,14165.0,15.06,1.93,24.11,9.51,-2.58,,,,
芜湖市,11035.0,22.97,0.95,19.28,20.88,-1.65,11059.0,20.18,0.22,19.41,25.66,0.66,11174.0,18.68,1.03,19.19,21.26,-1.12,11364.0,18.2,1.71,18.82,11.77,-1.91,,,,
吴忠市,3567.0,4.21,1.85,10.64,0.95,-3.94,3637.0,3.69,1.96,10.55,6.83,-0.88,3685.0,7.67,1.33,10.72,17.57,1.64,3739.0,9.73,1.46,10.78,6.31,0.55,,,,
梧州市,4645.0,9.56,0.92,16.73,22.86,-0.07,4870.0,13.74,4.84,17.72,32.87,5.94,4793.0,9.57,-1.57,17.01,30.83,-4.03,4759.0,7.72,-0.72,16.98,12.97,-0.19,,,,
五家渠市,3779.0,7.97,-5.13,9.93,12.09,-7.28,3725.0,7.53,-1.44,10.44,9.51,5.19,3966.0,12.38,6.48,9.91,0.49,-5.12,3771.0,6.52,-4.91,8.93,-5.93,-9.9,,,,
五指山市,12817.0,46.3,17.88,21.72,13.57,11.48,10170.0,15.42,-20.66,21.95,15.3,1.08,11247.0,41.44,10.59,21.07,4.99,-4.0,11959.0,41.58,6.33,21.92,-0.21,4.01,,,,
武汉市,18496.0,1.47,-1.69,33.3,14.16,-0.46,18428.0,2.46,-0.37,33.93,18.38,1.88,18203.0,1.26,-1.22,34.82,22.48,2.64,18265.0,0.1,0.34,34.96,16.73,0.38,,,,
武威市,5926.0,23.01,1.97,15.38,5.28,-3.32,6052.0,22.68,2.12,15.65,8.23,1.75,6121.0,24.89,1.15,15.87,23.62,1.41,6244.0,23.99,2.02,15.9,-4.0,0.2,,,,
西安市,14754.0,47.63,-2.18,28.86,25.42,-0.8,14111.0,39.62,-4.36,28.36,26.2,-1.76,14000.0,36.95,-0.79,28.69,28.46,1.19,14282.0,35.07,2.02,29.03,16.77,1.18,,,,
西宁市,7305.0,16.78,2.35,24.29,19.43,-4.03,7640.0,21.58,4.59,24.31,22.5,0.08,7835.0,22.61,2.56,25.47,29.32,4.75,7914.0,27.0,1.01,25.69,9.07,0.89,,,,
西双版纳傣族自治州,9874.0,0.0,-1.59,22.83,35.15,4.93,10068.0,45.11,1.96,22.79,46.33,-0.17,9616.0,42.41,-4.49,23.07,0.0,1.2,9240.0,26.79,-3.91,24.19,21.35,4.87,,,,
锡林郭勒盟,4164.0,15.98,0.4,10.58,-8.54,-24.24,4328.0,21.22,3.95,10.91,-1.47,3.1,4279.0,17.27,-1.15,10.28,-0.09,-5.74,4281.0,15.73,0.06,9.53,-15.66,-7.31,,,,
仙桃市,5586.0,37.95,1.07,15.43,37.4,10.05,5436.0,25.0,-2.69,16.29,42.16,5.59,5412.0,25.38,-0.44,15.67,0.0,-3.77,5393.0,13.71,-0.36,15.99,39.8,2.03,,,,
咸宁市,4849.0,42.2,2.1,16.88,35.41,7.25,4984.0,44.48,2.78,16.52,37.9,-2.13,4926.0,39.57,-1.16,16.83,46.87,1.86,4773.0,28.15,-3.1,16.28,27.66,-3.28,,,,
咸阳市,6797.0,45.54,0.59,15.71,14.09,-2.61,6853.0,44.32,0.83,16.32,22.92,3.84,6708.0,37.5,-2.13,15.85,19.58,-2.82,6638.0,37.87,-1.03,15.44,9.7,-2.6,,,,
湘潭市,5376.0,14.48,2.56,17.4,16.9,4.76,5401.0,13.0,0.46,16.77,25.89,-3.6,5307.0,8.24,-1.74,16.89,10.69,0.69,5464.0,11.3,2.96,16.74,6.22,-0.86,,,,
湘西土家族苗族自治州,4698.0,13.06,-1.26,20.48,17.8,7.64,4673.0,12.39,-0.53,19.68,25.5,-3.89,4663.0,10.81,-0.21,20.31,27.44,3.21,4772.0,8.54,2.33,20.03,22.16,-1.42,,,,
襄阳,8566.0,9.03,1.97,18.41,9.27,3.8,8737.0,9.99,2.0,18.66,15.34,1.38,8595.0,6.83,-1.62,18.02,11.26,-3.46,8608.0,6.9,0.14,18.68,-0.62,3.66,,,,
孝感市,6156.0,18.19,0.79,15.11,20.2,3.8,6203.0,17.92,0.77,15.91,31.31,5.34,6195.0,13.26,-0.13,15.87,31.1,-0.3,5925.0,6.13,-4.37,15.65,18.65,-1.38,,,,
忻州市,4744.0,10.8,4.46,10.98,3.18,4.9,4936.0,11.14,4.04,10.65,-0.64,-2.97,4918.0,13.47,-0.36,10.05,-7.75,-5.62,5073.0,10.77,3.14,10.24,1.71,1.88,,,,
新乡市,6822.0,9.8,1.46,14.2,9.41,-1.31,6899.0,9.49,1.12,13.99,14.23,-1.47,6729.0,5.58,-2.45,12.65,-5.63,-9.58,6666.0,5.66,-0.94,12.43,-4.79,-1.73,,,,
新余市,5002.0,18.01,0.02,13.2,25.37,-0.35,5106.0,21.26,2.09,13.76,26.72,4.24,5190.0,23.04,1.65,14.5,31.11,5.38,5177.0,23.58,-0.25,15.47,,6.66,,,,
信阳市,6175.0,4.95,-1.29,15.68,19.66,4.6,6267.0,5.12,1.49,16.58,34.13,5.72,6407.0,6.13,2.23,17.38,34.08,4.85,6307.0,6.11,-1.56,16.18,24.2,-6.9,,,,
邢台市,7816.0,7.62,0.28,13.87,9.56,-4.21,7804.0,7.37,-0.15,14.04,11.58,1.27,7708.0,7.69,-1.23,13.69,-2.21,-2.51,7634.0,9.4,-0.96,14.47,18.06,5.7,,,,
兴安盟,4781.0,17.42,2.29,18.31,22.47,-0.3,4872.0,18.22,1.9,17.13,31.17,-6.4,4864.0,14.52,-0.17,16.49,30.27,-3.77,4793.0,16.02,-1.45,17.6,4.14,6.73,,,,
宿迁市,7171.0,15.08,2.31,15.33,6.55,6.59,7150.0,13.47,-0.29,15.57,15.27,1.59,7078.0,12.1,-1.01,15.09,14.64,-3.08,6929.0,8.82,-2.12,15.08,6.41,-0.11,,,,
宿州市,6338.0,9.91,-0.32,12.78,3.84,2.9,6404.0,10.47,1.04,12.98,12.25,1.6,6368.0,13.99,-0.57,13.21,11.28,1.77,6299.0,13.17,-1.08,12.3,6.86,-6.88,,,,
徐州市,9787.0,15.07,-0.62,18.86,12.07,1.42,9933.0,16.05,1.5,18.79,11.88,-0.35,10062.0,15.85,1.29,18.68,12.3,-0.61,10120.0,18.29,0.58,18.69,9.61,0.07,,,,
许昌市,6196.0,-6.88,-0.01,14.76,8.5,0.3,6225.0,-5.57,0.46,14.5,11.76,-1.76,6079.0,-8.19,-2.34,15.03,1.31,3.64,5959.0,-6.9,-1.97,14.99,9.49,-0.25,,,,
宣城市,7367.0,9.98,0.29,14.09,8.2,0.19,7295.0,9.47,-0.98,14.23,14.56,0.99,7446.0,10.98,2.07,14.61,18.19,2.63,7235.0,5.9,-2.83,14.79,15.97,1.22,,,,
雅安市,5862.0,-1.1,3.98,13.56,11.26,1.93,5962.0,3.38,1.7,13.67,14.47,0.81,6024.0,7.44,1.05,14.27,24.48,4.37,5703.0,4.93,-5.34,13.87,6.59,-2.82,,,,
烟台市,10717.0,28.97,1.15,21.38,11.36,1.46,10403.0,23.07,-2.93,20.88,14.24,-2.3,9846.0,12.52,-5.35,20.37,11.96,-2.47,10681.0,21.5,8.48,20.89,9.83,2.55,,,,
延安市,5321.0,11.42,-1.51,19.81,21.73,-0.63,5523.0,14.61,3.8,19.01,38.84,-4.06,5501.0,12.44,-0.4,19.32,42.2,1.62,5397.0,15.29,-1.89,19.74,18.3,2.21,,,,
延边朝鲜族自治州,5119.0,6.03,1.05,21.99,25.0,-0.53,5181.0,6.77,1.22,22.64,46.42,2.97,5231.0,6.39,0.95,22.02,46.25,-2.74,5204.0,6.51,-0.51,21.9,21.32,-0.53,,,,
盐城市,9709.0,12.74,1.39,21.1,14.45,1.58,9593.0,7.94,-1.19,21.3,17.88,0.99,9567.0,5.91,-0.27,21.49,23.18,0.9,9696.0,10.03,1.34,21.8,11.79,1.44,,,,
扬州市,13266.0,25.53,0.6,23.95,26.55,0.03,13397.0,24.17,0.99,23.81,24.4,-0.55,13054.0,18.76,-2.56,23.61,23.56,-0.85,13416.0,21.13,2.77,24.4,14.06,3.35,,,,
阳江市,5680.0,14.82,-3.21,19.35,21.82,0.91,5782.0,11.6,1.8,19.33,31.86,-0.1,5823.0,11.67,0.71,19.4,34.47,0.34,5893.0,17.91,1.2,19.79,17.05,2.0,,,,
阳泉市,3715.0,-8.16,-5.68,11.88,10.52,5.07,3803.0,-5.02,2.39,11.83,8.96,-0.44,3804.0,7.08,0.03,12.17,16.41,2.87,3833.0,10.09,0.76,12.09,18.1,-0.61,,,,
伊春市,3690.0,10.67,2.48,15.76,16.06,4.28,3818.0,9.01,3.49,13.43,4.51,-14.77,3748.0,2.57,-1.85,15.37,13.71,14.4,3717.0,4.08,-0.82,19.23,34.21,25.16,,,,
伊犁哈萨克自治州,4752.0,12.12,0.81,14.34,13.92,-1.96,4742.0,13.13,-0.23,14.37,15.41,0.25,4727.0,11.02,-0.3,14.46,17.15,0.57,4796.0,11.1,1.45,14.96,8.6,3.46,,,,
宜宾市,6415.0,5.43,-3.06,17.3,7.15,-3.97,6511.0,5.65,1.49,17.9,13.63,3.45,6335.0,1.04,-2.7,16.92,4.94,-5.43,6225.0,0.5,-1.73,18.0,8.2,6.37,,,,
宜昌市,9062.0,28.28,0.2,24.09,29.14,4.51,9027.0,24.29,-0.39,23.43,46.81,-2.75,8667.0,17.58,-3.98,23.36,20.91,-0.29,8683.0,14.0,0.18,23.79,16.65,1.84,,,,
宜春市,7264.0,31.15,0.05,17.6,28.19,-3.38,7472.0,24.97,2.86,17.62,40.64,0.13,7432.0,21.78,-0.54,17.44,42.72,-1.01,7298.0,14.72,-1.8,18.42,43.0,5.62,,,,
益阳市,5768.0,31.16,-2.54,19.16,48.91,2.81,5855.0,30.74,1.51,18.93,0.0,-1.2,5830.0,26.8,-0.43,18.36,46.71,-3.03,5881.0,25.93,0.89,18.72,32.3,2.0,,,,
银川市,5715.0,9.78,0.25,18.17,18.59,0.94,5661.0,10.42,-0.95,17.83,19.67,-1.86,5837.0,13.4,3.11,17.75,17.26,-0.48,5763.0,10.57,-1.27,17.97,10.34,1.22,,,,
鹰潭市,5633.0,10.71,4.11,15.28,17.63,-1.53,5756.0,15.09,2.19,15.36,23.45,0.47,5678.0,10.51,-1.37,16.19,37.56,5.44,5777.0,11.8,1.75,16.0,18.87,-1.16,,,,
营口市,4640.0,10.64,2.6,13.17,1.61,4.08,4607.0,9.93,-0.73,12.97,4.98,-1.55,4632.0,11.12,0.54,12.99,-8.01,0.19,4671.0,9.88,0.86,13.07,11.93,0.61,,,,
永州市,5884.0,34.81,5.74,17.07,40.07,3.07,5858.0,31.9,-0.44,17.75,0.0,3.97,5947.0,28.08,1.51,16.84,39.56,-5.12,6002.0,28.98,0.92,16.58,18.09,-1.55,,,,
榆林市,6307.0,2.91,1.38,18.78,29.06,-3.94,6343.0,2.34,0.57,18.77,0.0,-0.05,6334.0,3.23,-0.13,19.16,0.0,2.06,6343.0,5.94,0.14,18.87,46.25,-1.5,,,,
玉林市,5165.0,17.09,4.31,18.24,30.67,-0.38,5239.0,19.29,1.43,18.41,45.09,0.96,5280.0,19.43,0.79,17.77,33.49,-3.48,5380.0,19.88,1.89,19.0,30.4,6.88,,,,
玉溪市,6975.0,13.98,2.1,17.67,19.71,1.07,7057.0,16.86,1.18,17.13,29.15,-3.06,7206.0,15.09,2.1,16.73,9.9,-2.33,7166.0,14.38,-0.55,17.06,23.81,2.0,,,,
岳阳市,7051.0,15.49,-2.89,19.96,39.55,1.88,7000.0,11.78,-0.72,19.44,0.0,-2.56,6995.0,10.23,-0.08,19.9,35.48,2.34,6620.0,-0.61,-5.36,19.98,29.34,0.43,,,,
云浮市,5768.0,17.41,1.91,17.08,16.24,2.05,5732.0,12.62,-0.63,17.36,39.39,1.64,5631.0,10.71,-1.76,17.53,39.75,0.98,5542.0,8.65,-1.59,18.39,10.61,4.88,,,,
运城市,4241.0,9.34,1.31,13.01,11.23,2.49,4350.0,11.0,2.56,12.4,9.91,-4.73,4394.0,11.79,1.02,11.63,3.81,-6.18,4613.0,17.06,4.98,12.76,10.32,9.67,,,,
枣庄市,6933.0,36.23,2.25,11.96,10.49,2.57,7050.0,34.43,1.69,11.74,7.24,-1.83,7065.0,34.63,0.21,11.84,5.32,0.82,7200.0,35.73,1.91,11.65,6.45,-1.56,,,,
湛江市,9560.0,30.16,3.66,27.47,29.12,3.21,9241.0,21.99,-3.34,27.16,29.76,-1.12,9023.0,16.03,-2.37,27.14,26.26,-0.06,9272.0,12.07,2.76,26.31,6.11,-3.08,,,,
张家界市,6809.0,20.18,2.32,22.03,39.74,5.75,6793.0,18.96,-0.24,22.1,0.0,0.33,6604.0,9.91,-2.78,22.29,0.0,0.86,6873.0,16.62,4.07,21.43,30.7,-3.87,,,,
张家口市,9312.0,-4.15,3.41,17.07,13.35,-0.12,9223.0,-4.5,-0.95,16.56,10.5,-2.99,9152.0,-7.58,-0.77,16.66,14.65,0.61,8956.0,-7.41,-2.14,16.97,14.19,1.84,,,,
张掖市,3500.0,-2.55,-0.57,13.06,-5.43,-0.44,3479.0,-0.85,-0.6,12.78,4.78,-2.08,3387.0,-2.67,-2.64,12.03,2.35,-5.92,3447.0,-3.15,1.75,12.74,19.49,5.96,,,,
漳州市,12995.0,-3.57,0.79,22.41,8.28,0.05,12748.0,-7.77,-1.9,22.63,26.6,1.0,12482.0,-7.69,-2.08,22.82,18.55,0.82,12639.0,-6.92,1.25,23.22,6.57,1.76,,,,
长春市,9546.0,29.92,2.55,25.53,12.48,-2.59,9658.0,31.18,1.17,25.56,19.4,0.12,9676.0,30.35,0.19,25.94,23.56,1.49,9783.0,29.47,1.1,26.31,8.89,1.43,,,,
长沙市,11151.0,9.1,-1.59,28.26,16.98,-0.57,11251.0,11.37,0.9,28.6,19.02,1.21,10935.0,8.14,-2.81,28.44,17.04,-0.56,10964.0,6.74,0.27,28.47,10.8,0.12,,,,
长治市,6697.0,12.69,2.94,14.95,16.09,0.2,6814.0,13.48,1.75,14.23,13.42,-4.85,6846.0,13.41,0.47,14.26,17.87,0.24,6807.0,12.22,-0.57,14.58,14.36,2.2,,,,
昭通市,5321.0,24.7,0.46,14.11,12.92,5.34,5407.0,28.46,1.63,14.28,10.75,1.23,5302.0,20.56,-1.94,13.69,19.33,-4.16,5455.0,23.14,2.89,13.82,14.1,0.99,,,,
肇庆市,7714.0,15.23,-0.79,22.92,28.42,0.47,7643.0,12.77,-0.92,22.98,31.07,0.25,7602.0,8.15,-0.53,22.39,30.06,-2.58,7474.0,,-1.69,22.8,13.47,1.85,,,,
镇江市,9606.0,9.36,0.51,19.7,6.4,2.35,9438.0,8.81,-1.75,19.6,11.17,-0.49,9336.0,6.57,-1.08,19.63,9.73,0.16,9347.0,6.32,0.11,19.89,8.94,1.28,,,,
郑州市,14887.0,2.52,-1.53,29.94,7.44,2.23,14557.0,1.21,-2.22,29.83,10.12,-0.37,14330.0,-1.48,-1.56,29.58,13.24,-0.86,13832.0,-5.32,-3.47,29.18,7.05,-1.35,,,,
中山市,12785.0,12.41,0.37,23.89,14.28,1.19,12331.0,7.69,-3.54,23.53,10.35,-1.48,12151.0,5.41,-1.46,23.69,13.33,0.67,11762.0,-0.29,-3.21,23.53,6.97,-0.69,,,,
中卫市,3873.0,3.37,-0.77,9.93,-12.7,1.17,3788.0,3.26,-2.21,9.75,2.97,-1.8,3677.0,-3.01,-2.92,9.94,-12.93,1.94,3680.0,-1.05,0.08,10.46,5.23,5.17,,,,
重庆市,13700.0,32.59,0.41,29.54,26.83,1.22,13118.0,27.16,-4.25,29.75,27.99,0.71,12889.0,25.35,-1.74,28.0,19.44,-5.87,12785.0,22.03,-0.81,29.5,14.89,5.45,,,,
舟山市,16230.0,22.35,1.21,30.44,45.37,0.08,15646.0,17.53,-3.6,30.96,0.0,1.69,15750.0,15.78,0.66,31.07,0.0,0.38,15753.0,13.69,0.02,30.78,36.26,-0.96,,,,
周口市,5078.0,23.24,1.05,14.81,37.37,-0.97,5037.0,16.67,-0.8,14.28,27.63,-3.54,5010.0,12.83,-0.53,14.59,35.2,2.17,5007.0,12.05,-0.07,14.66,31.74,0.46,,,,
珠海市,23119.0,2.71,-0.87,34.7,9.25,0.79,23157.0,2.15,0.17,35.26,13.57,1.63,22883.0,1.25,-1.18,35.48,11.9,0.61,22934.0,0.02,0.22,35.09,5.89,-1.09,,,,
株洲市,6392.0,19.9,1.89,18.84,17.79,0.53,6387.0,18.96,-0.07,18.96,27.57,0.65,6230.0,13.18,-2.45,18.62,23.16,-1.81,6390.0,16.18,2.56,18.2,11.79,-2.25,,,,
驻马店市,5669.0,13.93,3.9,14.5,18.3,0.34,5624.0,12.14,-0.79,14.56,19.49,0.43,5551.0,9.55,-1.3,14.36,-2.34,-1.36,5245.0,4.36,-5.51,14.66,10.68,2.08,,,,
资阳市,7650.0,26.02,-4.24,14.68,29.65,4.86,7552.0,20.59,-1.28,14.76,29.23,0.59,7550.0,14.86,-0.03,13.79,21.79,-6.61,8089.0,11.51,7.14,13.9,16.83,0.85,,,,
淄博市,9604.0,32.79,-0.39,15.74,10.07,-1.55,9555.0,30.8,-0.51,15.53,11.53,-1.3,9423.0,27.93,-1.38,15.82,6.51,1.83,9226.0,14.96,-2.1,17.12,15.84,8.26,,,,
自贡市,6380.0,25.98,-1.27,16.42,17.14,0.24,6377.0,25.88,-0.04,16.62,18.3,1.18,6359.0,22.22,-0.29,16.05,18.85,-3.44,6317.0,20.98,-0.66,16.39,10.29,2.13,,,,
遵义市,5923.0,17.39,0.06,19.02,10.98,0.65,6043.0,17.28,2.04,19.63,14.12,3.19,5890.0,12.43,-2.54,19.71,6.63,0.42,5922.0,13.97,0.55,20.07,15.72,1.81,,,,
